,Total Schools,Total Students,Total Budet,Average Math Score,Average Reading Score,% Passing Math,% Passing Reading,% Overall Passing
0,15,39170,82932329558,78.98537145774827,81.87784018381414,78.98537145774827,78.98537145774827,78.98537145774827
